,exact_match,f1
0,22.70177738927739,28.94684308746814
