,exact_match,f1
0,11.516608391608392,24.18342074592085
