,exact_match,f1
0,16.131264568764568,24.157296039398613
