,exact_match,f1
0,20.73135198135198,28.713950979575937
