,exact_match,f1
0,55.01367365542389,71.23384114248475
