,exact_match,f1
0,54.67332123411978,69.39102273272698
