,exact_match,f1
0,54.990925589836664,69.8090800515378
