,exact_match,f1
0,53.61199454793276,68.78301646233434
