,exact_match,f1
0,57.259528130671505,72.34471797757568
