,exact_match,f1
0,55.55555555555556,71.36874684685284
