,exact_match,f1
0,56.03095129722349,72.24845308727235
