,exact_match,f1
0,55.62130177514793,72.05196962608879
