,exact_match,f1
0,54.90196078431372,71.17268934049555
