,exact_match,f1
0,54.04178019981835,68.83999551514857
