,exact_match,f1
0,8.575317604355718,29.25325769680042
