,exact_match,f1
0,56.403269754768395,72.15153498799538
