,exact_match,f1
0,56.357856494096275,71.79350682966701
