,exact_match,f1
0,55.081669691470054,69.58980739161781
