,exact_match,f1
0,54.2480690595184,68.62193215480336
