,exact_match,f1
0,36.116152450090745,50.580845094227904
