,exact_match,f1
0,57.03266787658802,72.47368494659526
