,exact_match,f1
0,57.21415607985481,72.29525150607964
