,exact_match,f1
0,54.76406533575317,69.44022590665217
