,exact_match,f1
0,55.44827586206897,71.7059150907407
