,exact_match,f1
0,54.42980463425715,69.86733026429829
