,exact_match,f1
0,53.992740471869325,68.88317035114747
