,exact_match,f1
0,52.05855443732845,67.16707784846436
