,exact_match,f1
0,54.54132606721163,68.90600279584977
