,exact_match,f1
0,53.27490774907749,68.32396678024658
