,exact_match,f1
0,44.1470054446461,63.86774092972815
