,exact_match,f1
0,54.62794918330309,71.77226379302606
