,exact_match,f1
0,54.96809480401094,71.31039336585317
