,exact_match,f1
0,55.35632183908046,71.41075469770446
