,exact_match,f1
0,50.67160722556739,66.1875163997171
