,exact_match,f1
0,52.26860254083485,67.888836514216
