,exact_match,f1
0,53.312159709618875,68.71263931043077
