,exact_match,f1
0,2.9038112522686026,5.434297024699022
