,exact_match,f1
0,54.94555353901996,69.86180837374626
