,exact_match,f1
0,53.6144578313253,69.05055737728293
