,exact_match,f1
0,7.849364791288567,16.289839514721407
