,exact_match,f1
0,53.302540415704385,70.22981724449845
