,exact_match,f1
0,10.753176043557168,21.07254460613592
