,exact_match,f1
0,59.6252129471891,76.24979622207506
