,exact_match,f1
0,25.499092558983666,49.41526020553366
