,exact_match,f1
0,3.5843920145190564,6.937929159163141
