,exact_match,f1
0,16.1978221415608,33.940369964878926
