,exact_match,f1
0,55.94373865698729,70.72645682677341
