,exact_match,f1
0,54.62794918330309,69.49066503393107
