,exact_match,f1
0,56.89655172413793,71.72806708627039
