,exact_match,f1
0,56.98729582577133,71.90157143937691
