,exact_match,f1
0,53.584392014519054,68.14242203926663
