,exact_match,f1
0,54.78577939835916,70.96850752487015
