,exact_match,f1
0,55.8529945553539,71.07670871176984
