,exact_match,f1
0,57.387679481241314,72.40022178359833
