,exact_match,f1
0,46.960072595281304,60.241514646287705
