,exact_match,f1
0,48.82032667876588,64.6261002887748
