,exact_match,f1
0,46.55172413793103,64.8141043728946
