,exact_match,f1
0,45.417422867513615,63.66749899117928
