,exact_match,f1
0,35.66243194192378,48.81272906947309
