,exact_match,f1
0,49.68239564428312,66.01601640720205
