,exact_match,f1
0,49.364791288566245,65.59857056275719
