,exact_match,f1
0,20.326678765880217,30.95769548973263
