,exact_match,f1
0,42.30343300110742,57.42332476044775
