,exact_match,f1
0,49.224806201550386,65.52191346803946
