,exact_match,f1
0,45.84717607973422,61.88836686049161
