,exact_match,f1
0,45.598911070780396,62.72233297571951
