,exact_match,f1
0,48.5480943738657,64.05145222461123
