,exact_match,f1
0,52.813067150635206,68.61385611187191
