,exact_match,f1
0,47.93463458919655,63.74682928363481
