,exact_match,f1
0,51.0250569476082,67.3483934820239
