,exact_match,f1
0,50.43280182232346,66.3793851865507
