,exact_match,f1
0,49.72776769509982,65.29407336109051
