,exact_match,f1
0,53.17604355716878,68.96435254015955
