,exact_match,f1
0,51.02412380518889,67.31987262749917
