,exact_match,f1
0,48.41197822141561,64.1661572049329
