,exact_match,f1
0,49.568378009995456,64.68098848459768
