,exact_match,f1
0,50.79654073736914,66.81738706029707
