,exact_match,f1
0,49.77272727272727,64.97521839224771
