,exact_match,f1
0,47.005444646098006,61.28280631328734
