,exact_match,f1
0,51.7304189435337,67.8223299187571
