,exact_match,f1
0,49.56798544793088,64.72270782720196
