,exact_match,f1
0,49.637023593466424,65.15871447385533
