,exact_match,f1
0,49.27338782924614,64.73899356264157
