,exact_match,f1
0,55.62613430127042,71.07870460276484
