,exact_match,f1
0,53.804100227790435,70.35038192193318
