,exact_match,f1
0,49.568769859282796,65.0881624893622
