,exact_match,f1
0,50.68119891008175,65.70347645778182
