,exact_match,f1
0,53.394077448747154,70.53742336542547
