,exact_match,f1
0,53.57305416477014,70.31783059172433
