,exact_match,f1
0,50.34106412005457,65.56721597307272
