,exact_match,f1
0,51.542649727767696,67.5926734640996
