,exact_match,f1
0,50.88596092685143,66.35887657947356
