,exact_match,f1
0,53.48202093764224,69.9554180652068
