,exact_match,f1
0,54.76406533575317,70.5990494301662
