,exact_match,f1
0,48.04900181488203,62.81356682894278
