,exact_match,f1
0,50.952813067150636,67.31856677326236
