,exact_match,f1
0,52.68181818181818,67.74339443120896
