,exact_match,f1
0,51.27041742286752,67.14214285521382
