,exact_match,f1
0,54.28051001821493,70.4733334801858
