,exact_match,f1
0,55.03629764065336,70.8099611113244
