,exact_match,f1
0,55.172413793103445,70.95617693642045
