,exact_match,f1
0,52.58620689655172,68.25460698704164
