,exact_match,f1
0,22.504537205081668,31.20420354305592
