,exact_match,f1
0,51.95099818511797,67.53128037581357
