,exact_match,f1
0,8.166969147005444,13.429603857262318
