,exact_match,f1
0,42.87658802177859,56.621613407747134
