,exact_match,f1
0,46.32486388384755,61.91012378530311
