,exact_match,f1
0,50.31760435571688,66.301953507725
