,exact_match,f1
0,51.633393829401086,67.66161512215174
