,exact_match,f1
0,44.19237749546279,59.763994796119356
