,exact_match,f1
0,11.978221415607985,17.574550136418807
