,exact_match,f1
0,38.33938294010889,51.68891561873735
