,exact_match,f1
0,48.185117967332125,64.11581484518337
