,exact_match,f1
0,42.241379310344826,58.50623244495855
