,exact_match,f1
0,47.186932849364794,62.00398216136928
