,exact_match,f1
0,56.71506352087114,71.87729137172371
