,exact_match,f1
0,54.59090909090909,71.29893028535939
