,exact_match,f1
0,52.56701499318491,67.6895498980077
