,exact_match,f1
0,53.85662431941924,68.63338653397318
