,exact_match,f1
0,55.2367941712204,71.44803955678998
