,exact_match,f1
0,56.98729582577133,71.94606247695711
