,exact_match,f1
0,53.08529945553539,68.33951994006989
