,exact_match,f1
0,53.17604355716878,68.02124394824368
