,exact_match,f1
0,52.01997276441217,67.2482573686457
