,exact_match,f1
0,50.55370985603544,66.15072560601578
