,exact_match,f1
0,52.9491833030853,69.3053375912613
