,exact_match,f1
0,55.26315789473684,71.19006784317907
