,exact_match,f1
0,24.818511796733212,35.809184211873294
