,exact_match,f1
0,50.544464609800364,69.70580467398001
