,exact_match,f1
0,47.82214156079855,66.12095886732614
