,exact_match,f1
0,54.76190476190476,71.57374929758417
