,exact_match,f1
0,54.582577132486385,71.032041326243
