,exact_match,f1
0,55.172413793103445,71.6736260908236
