,exact_match,f1
0,31.352087114337568,42.03043916050285
