,exact_match,f1
0,50.362976406533576,69.71720937899661
