,exact_match,f1
0,49.88925802879291,65.5147121517695
