,exact_match,f1
0,50.68181818181818,66.77794299568063
