,exact_match,f1
0,52.63157894736842,68.39042768871268
