,exact_match,f1
0,48.38709677419355,63.67377444683325
