,exact_match,f1
0,47.16295960054471,63.03473446615803
