,exact_match,f1
0,51.99637023593466,67.65097396164957
