,exact_match,f1
0,48.82032667876588,64.26554811320624
