,exact_match,f1
0,50.865209471766846,67.17670403878982
