,exact_match,f1
0,47.95825771324864,63.36673839238341
