,exact_match,f1
0,52.813653136531364,68.28472630040788
