,exact_match,f1
0,53.627180899908176,69.8963378802186
