,exact_match,f1
0,53.88505747126437,70.64224699904962
