,exact_match,f1
0,34.16515426497278,53.77427479969634
