,exact_match,f1
0,54.76406533575317,71.07205640657517
