,exact_match,f1
0,55.35876475930972,71.44199742185293
