,exact_match,f1
0,55.081669691470054,70.96013959494614
