,exact_match,f1
0,50.63578564940963,65.97226467776596
