,exact_match,f1
0,52.26860254083485,68.08879390306559
