,exact_match,f1
0,50.27447392497713,65.823671880897
