,exact_match,f1
0,51.390176088971266,66.42740369095988
