,exact_match,f1
0,55.30852994555354,71.06176062876732
