,exact_match,f1
0,52.76769509981851,68.02769475808998
