,exact_match,f1
0,53.52753755120619,70.09557264947816
