,exact_match,f1
0,50.840527033166744,66.44943465223695
