,exact_match,f1
0,55.67392311255211,71.53267563832057
