,exact_match,f1
0,53.39098771051434,69.89307492366726
