,exact_match,f1
0,52.33256351039261,69.5223888908616
