,exact_match,f1
0,48.95785085687818,64.42154211173236
