,exact_match,f1
0,43.148820326678766,61.24269880438967
