,exact_match,f1
0,54.809437386569876,70.74433825600339
