,exact_match,f1
0,53.600729261622604,70.21423812800643
