,exact_match,f1
0,50.431621990004544,66.07982390736865
