,exact_match,f1
0,7.3502722323049,12.409608732283532
