,exact_match,f1
0,52.08711433756806,67.93211081510047
