,exact_match,f1
0,51.497277676951,67.38071962579306
