,exact_match,f1
0,50.18148820326679,66.10431524426701
