,exact_match,f1
0,53.97701149425287,70.76763127842557
