,exact_match,f1
0,16.107078039927405,29.669840606426476
