,exact_match,f1
0,54.3547651618787,70.5784770364084
