,exact_match,f1
0,55.081669691470054,71.1509824745934
