,exact_match,f1
0,52.813067150635206,69.24559371795459
