,exact_match,f1
0,54.900181488203266,70.8872251362264
