,exact_match,f1
0,51.542649727767696,67.41009560150984
