,exact_match,f1
0,53.19051959890611,69.80872291394095
