,exact_match,f1
0,51.76950998185118,67.81925924543035
