,exact_match,f1
0,10.753176043557168,28.308403900192186
