,exact_match,f1
0,51.22615803814714,66.79684899867966
