,exact_match,f1
0,53.69188696444849,70.19969875589825
