,exact_match,f1
0,7.985480943738657,13.757752822272593
