,exact_match,f1
0,47.91288566243194,61.53569882582847
