,exact_match,f1
0,50.70422535211268,65.8112951564064
