,exact_match,f1
0,53.35753176043557,68.94884108505248
