,exact_match,f1
0,32.849364791288565,45.160191685774194
