,exact_match,f1
0,58.688245315161836,76.26246956240257
