,exact_match,f1
0,55.49500454132607,71.40065098560575
