,exact_match,f1
0,48.32123411978221,63.83283985325368
