,exact_match,f1
0,50.635208711433755,66.15963900842272
