,exact_match,f1
0,50.45372050816697,66.31400460001159
