,exact_match,f1
0,49.455535390199636,65.59651758620127
