,exact_match,f1
0,50.045372050816695,66.2230229224751
