,exact_match,f1
0,48.88382687927107,65.4489102979744
