,exact_match,f1
0,45.23593466424683,60.81773835158431
