,exact_match,f1
0,46.91470054446461,61.87838082591929
