,exact_match,f1
0,47.97819173103135,63.27080233122683
