,exact_match,f1
0,49.45355191256831,65.92475429176248
