,exact_match,f1
0,45.80118020880617,61.173365949228156
