,exact_match,f1
0,45.88449295134152,61.122172712179896
