,exact_match,f1
0,48.09437386569873,63.34345454607223
