,exact_match,f1
0,48.83826879271071,65.14863116552803
