,exact_match,f1
0,46.32486388384755,61.746473066093934
