,exact_match,f1
0,48.74829312699135,65.22891970993537
