,exact_match,f1
0,46.55172413793103,61.913763985921975
