,exact_match,f1
0,50.362976406533576,65.91438284755984
