,exact_match,f1
0,52.04174228675136,67.8694828335616
