,exact_match,f1
0,46.64246823956443,61.77978131961814
