,exact_match,f1
0,47.91288566243194,63.713017711231416
