,exact_match,f1
0,38.87375113533152,52.98051375938867
