,exact_match,f1
0,51.998183469573114,67.84740816796102
