,exact_match,f1
0,50.817438692098094,67.81838726544196
