,exact_match,f1
0,49.00181488203267,65.68695781722496
