,exact_match,f1
0,51.4065335753176,67.43726489434319
