,exact_match,f1
0,52.26860254083485,68.05893228364364
