,exact_match,f1
0,44.73684210526316,59.41295478868136
