,exact_match,f1
0,50.56740807989106,67.09386291828126
