,exact_match,f1
0,54.28051001821493,70.73295676952972
