,exact_match,f1
0,50.77132486388385,66.52875968095634
