,exact_match,f1
0,50.02269632319564,65.95511576011711
