,exact_match,f1
0,50.81669691470054,66.51777048697924
