,exact_match,f1
0,49.93184915947297,65.20868251111122
