,exact_match,f1
0,51.90909090909091,69.0033951585696
