,exact_match,f1
0,55.12704174228675,70.7867673947969
