,exact_match,f1
0,54.67332123411978,70.59378650965564
