,exact_match,f1
0,49.93184915947297,64.80068396392105
