,exact_match,f1
0,50.386188096319856,66.06890893519085
