,exact_match,f1
0,50.90744101633394,66.98213929802688
