,exact_match,f1
0,51.134301270417424,66.40109967678617
