,exact_match,f1
0,50.49954586739328,65.58099136418643
