,exact_match,f1
0,50.068088969586924,65.45608691909396
