,exact_match,f1
0,55.35390199637023,70.9150203646209
