,exact_match,f1
0,48.728428701180746,64.34582504836457
