,exact_match,f1
0,54.990925589836664,71.00861079344753
