,exact_match,f1
0,50.99818511796733,67.26026028875967
