,exact_match,f1
0,53.52753755120619,70.4663389893412
