,exact_match,f1
0,50.86206896551724,66.71900232810484
