,exact_match,f1
0,54.251932696680306,70.54650476027504
