,exact_match,f1
0,53.00272975432211,69.6408622492758
