,exact_match,f1
0,42.96733212341198,56.93352360235127
