,exact_match,f1
0,54.94555353901996,70.86550440463739
