,exact_match,f1
0,53.53397172822618,70.35768144012758
