,exact_match,f1
0,53.372835004557885,70.28918618914503
