,exact_match,f1
0,51.36116152450091,67.1198596174489
