,exact_match,f1
0,47.776769509981854,63.51352256465495
