,exact_match,f1
0,51.750795816280124,67.54746989682515
