,exact_match,f1
0,42.05989110707804,55.22808206826391
