,exact_match,f1
0,49.364791288566245,64.62314345338565
