,exact_match,f1
0,48.20536119945479,64.13806950562379
