,exact_match,f1
0,51.99637023593466,68.0472412317142
