,exact_match,f1
0,48.68421052631579,64.25014300678357
