,exact_match,f1
0,50.432407828857535,66.77653709466418
