,exact_match,f1
0,50.63810391978122,67.00831403463096
