,exact_match,f1
0,52.35934664246824,68.08228150934248
