,exact_match,f1
0,52.223230490018146,68.17717287194345
