,exact_match,f1
0,50.2729754322111,66.59318589675847
