,exact_match,f1
0,48.047229791099,62.79662216656578
