,exact_match,f1
0,49.00090826521344,64.1639547593479
