,exact_match,f1
0,50.56999544003648,67.07686853139334
