,exact_match,f1
0,51.86025408348458,67.76282192512805
