,exact_match,f1
0,48.523398455247616,63.67343437373133
