,exact_match,f1
0,49.00181488203267,64.75903050798674
