,exact_match,f1
0,52.313974591651544,68.12508535526531
