,exact_match,f1
0,48.252383113935544,64.27321752561761
