,exact_match,f1
0,48.5480943738657,64.25943103158403
