,exact_match,f1
0,56.44283121597096,72.10994841329993
