,exact_match,f1
0,57.259528130671505,72.5091123645463
