,exact_match,f1
0,57.168784029038115,72.21128113085025
