,exact_match,f1
0,56.10200364298725,71.68900712424839
