,exact_match,f1
0,53.27272727272727,68.16342519929735
