,exact_match,f1
0,53.430258973194,68.85084150931081
