,exact_match,f1
0,54.94305239179955,71.27651684828697
