,exact_match,f1
0,54.80200273099681,71.20052971609144
