,exact_match,f1
0,51.65984538426557,67.36575290052518
