,exact_match,f1
0,53.72050816696915,68.91465516091922
