,exact_match,f1
0,55.21165225307237,71.53859824024497
