,exact_match,f1
0,55.44419134396355,71.60540247683471
