,exact_match,f1
0,53.811252268602544,68.80327525015242
