,exact_match,f1
0,53.039927404718696,68.10499409146266
