,exact_match,f1
0,57.758620689655174,72.64341735954623
