,exact_match,f1
0,56.851179673321234,72.28685014482238
