,exact_match,f1
0,50.90744101633394,65.51356414216994
