,exact_match,f1
0,54.53720508166969,69.56492269166837
