,exact_match,f1
0,56.851179673321234,71.93505091306537
