,exact_match,f1
0,51.566046300499316,67.42526789027174
