,exact_match,f1
0,53.811252268602544,68.84435023330599
