,exact_match,f1
0,52.36148955495005,68.04144952220187
