,exact_match,f1
0,55.62613430127042,71.69574861886667
