,exact_match,f1
0,55.71687840290381,71.51141769045617
