,exact_match,f1
0,51.724137931034484,70.0621435348353
