,exact_match,f1
0,33.30308529945554,46.1378545365521
