,exact_match,f1
0,55.399274047186935,71.32461963496219
