,exact_match,f1
0,39.11070780399274,51.024669383468456
