,exact_match,f1
0,49.28017718715393,65.24231945118095
