,exact_match,f1
0,51.4519056261343,68.35692049654807
