,exact_match,f1
0,54.12885662431942,70.21651037005321
