,exact_match,f1
0,52.29232864275987,70.26463425566998
