,exact_match,f1
0,54.59579180509413,71.50112786283901
