,exact_match,f1
0,10.571687840290382,17.46957728005244
