,exact_match,f1
0,45.91651542649728,62.10562997857204
