,exact_match,f1
0,41.061705989110706,55.600485535102216
