,exact_match,f1
0,45.598911070780396,60.84383982620323
