,exact_match,f1
0,47.595281306715066,63.67558015607572
