,exact_match,f1
0,49.954627949183305,65.75742706763413
