,exact_match,f1
0,28.039927404718693,38.45612997163995
