,exact_match,f1
0,49.77313974591652,65.76565684830588
