,exact_match,f1
0,45.508166969147005,60.92874123210459
