,exact_match,f1
0,46.27949183303085,61.83709422025933
