,exact_match,f1
0,6.215970961887478,10.737574452552924
