,exact_match,f1
0,44.37386569872958,58.448141312235244
