,exact_match,f1
0,49.77313974591652,65.84435252204717
