,exact_match,f1
0,47.776769509981854,64.53746639126288
