,exact_match,f1
0,43.10344827586207,58.564403843625726
