,exact_match,f1
0,49.63669391462307,65.91639651119925
