,exact_match,f1
0,49.86388384754991,65.74308069270111
