,exact_match,f1
0,49.68239564428312,65.78994704990498
