,exact_match,f1
0,44.46460980036298,59.48688990389659
