,exact_match,f1
0,49.86388384754991,66.111494422659
