,exact_match,f1
0,47.75306400363141,65.2350132361209
