,exact_match,f1
0,48.09264305177112,65.52203893372828
