,exact_match,f1
0,47.005444646098006,61.87644402802795
