,exact_match,f1
0,36.6030881017257,50.53387184726123
