,exact_match,f1
0,46.23411978221416,61.54705580730476
