,exact_match,f1
0,49.59165154264973,65.9183814719478
