,exact_match,f1
0,46.07353608715388,61.27165973270832
