,exact_match,f1
0,47.32304900181488,62.768498305273745
