,exact_match,f1
0,48.58962693357598,65.28462861236753
