,exact_match,f1
0,45.52476147205815,60.533725041435126
