,exact_match,f1
0,49.637023593466424,66.29134150865154
