,exact_match,f1
0,46.55172413793103,62.07631137840237
