,exact_match,f1
0,44.41923774954628,58.41558976327011
