,exact_match,f1
0,46.82107175295186,62.38247498676612
