,exact_match,f1
0,48.791609667122664,65.5444011315135
