,exact_match,f1
0,46.660608814175376,62.3900301385206
