,exact_match,f1
0,50.27223230490018,66.01843592995796
