,exact_match,f1
0,47.0961887477314,62.30635729185752
