,exact_match,f1
0,48.15657715065999,64.95973792675423
