,exact_match,f1
0,50.13611615245009,66.15552006510279
