,exact_match,f1
0,48.45031905195989,65.10136464305029
