,exact_match,f1
0,49.43155979990905,65.53034952580059
