,exact_match,f1
0,45.68574023614895,61.14552738093693
