,exact_match,f1
0,56.80580762250454,72.24382724611525
