,exact_match,f1
0,53.10939627780299,71.06724449959724
