,exact_match,f1
0,51.814882032667875,69.54014069014404
