,exact_match,f1
0,56.851179673321234,72.31816031315375
