,exact_match,f1
0,57.577132486388386,72.47536120644787
