,exact_match,f1
0,52.38095238095238,67.4643763499951
