,exact_match,f1
0,50.055370985603545,65.81326109502746
