,exact_match,f1
0,32.03266787658802,47.25730535628356
