,exact_match,f1
0,52.313974591651544,71.05172745391171
