,exact_match,f1
0,41.51542649727768,56.424004944596916
