,exact_match,f1
0,56.64451827242525,71.86511700965266
