,exact_match,f1
0,48.31818181818182,64.65359962992991
