,exact_match,f1
0,45.87114337568058,60.95271636628827
