,exact_match,f1
0,46.86932849364791,62.58334097329921
