,exact_match,f1
0,49.271402550091075,65.94951320132768
