,exact_match,f1
0,49.72776769509982,65.70881737604174
