,exact_match,f1
0,45.252158109950024,59.990546691063415
