,exact_match,f1
0,46.007259528130675,61.28308162736191
