,exact_match,f1
0,45.80118020880617,61.19598303935116
