,exact_match,f1
0,51.67876588021779,71.18741838851547
