,exact_match,f1
0,55.8983666061706,72.006434336335
