,exact_match,f1
0,56.39745916515427,71.6377575247867
