,exact_match,f1
0,56.17059891107078,71.83948793527182
