,exact_match,f1
0,34.84573502722323,49.56495128851307
