,exact_match,f1
0,24.36479128856624,36.29877993775804
