,exact_match,f1
0,49.944629014396455,65.65436547905466
