,exact_match,f1
0,49.72776769509982,68.03756560801598
