,exact_match,f1
0,51.58802177858439,70.36796692637365
