,exact_match,f1
0,22.549909255898367,30.80742014084979
