,exact_match,f1
0,6.442831215970962,11.934943147840114
