,exact_match,f1
0,45.05444646098004,59.00700322769906
