,exact_match,f1
0,8.892921960072595,15.35136962435605
