,exact_match,f1
0,41.28856624319419,54.93568673222449
