,exact_match,f1
0,48.13974591651542,63.19856723857294
