,exact_match,f1
0,46.14337568058076,62.02471437098235
