,exact_match,f1
0,52.313974591651544,68.1701298239485
