,exact_match,f1
0,54.85480943738657,70.64023245866584
