,exact_match,f1
0,48.5934664246824,64.62771422457554
