,exact_match,f1
0,50.40834845735027,66.77426774203384
