,exact_match,f1
0,54.3557168784029,70.59012641060292
