,exact_match,f1
0,54.71869328493648,70.74031512677753
