,exact_match,f1
0,44.23774954627949,60.34633020146254
