,exact_match,f1
0,49.33554817275748,65.59155989150649
