,exact_match,f1
0,45.95791805094131,61.399483935646856
