,exact_match,f1
0,39.382940108892925,53.86003265821269
