,exact_match,f1
0,47.005444646098006,64.70621669287382
