,exact_match,f1
0,47.389922832501135,64.52723976496112
