,exact_match,f1
0,49.18330308529946,65.36186381982793
