,exact_match,f1
0,49.81851179673321,65.88053365814139
