,exact_match,f1
0,42.414174972314505,57.63958652586958
