,exact_match,f1
0,27.81306715063521,40.63303206370419
