,exact_match,f1
0,46.597096188747734,63.83175226156083
