,exact_match,f1
0,56.89655172413793,71.63471461455592
