,exact_match,f1
0,5.353901996370236,13.230190378517774
