,exact_match,f1
0,48.72958257713248,63.99188545046484
