,exact_match,f1
0,50.77132486388385,64.94824986147177
