,exact_match,f1
0,19.41923774954628,31.701072894409172
