,exact_match,f1
0,47.595281306715066,61.93387038385551
