,exact_match,f1
0,3.130671506352087,9.003106101558098
