,exact_match,f1
0,57.3956442831216,72.10234733535339
