,exact_match,f1
0,57.07803992740472,72.01002235557846
