,exact_match,f1
0,43.01270417422867,57.56163371873076
