,exact_match,f1
0,52.994555353901994,68.75126377099966
