,exact_match,f1
0,52.973218338629145,70.62263939162088
