,exact_match,f1
0,52.724795640326974,70.36778125920428
