,exact_match,f1
0,42.143505903723884,56.13962563431792
