,exact_match,f1
0,54.13260672116258,70.546051419602
