,exact_match,f1
0,53.76588021778584,69.9785805070401
