,exact_match,f1
0,50.635208711433755,66.6347352641902
