,exact_match,f1
0,51.4519056261343,66.6685953263225
