,exact_match,f1
0,51.497277676951,68.91227610417492
