,exact_match,f1
0,54.900181488203266,70.85739584598625
