,exact_match,f1
0,44.23774954627949,59.54421322546663
