,exact_match,f1
0,55.172413793103445,70.74993724093791
