,exact_match,f1
0,54.76406533575317,71.13589663805857
