,exact_match,f1
0,52.270210409745296,68.32905387651189
