,exact_match,f1
0,51.497277676951,67.35205262783555
