,exact_match,f1
0,45.182724252491695,60.65496961504608
