,exact_match,f1
0,51.225045372050815,67.5539695146817
