,exact_match,f1
0,48.13974591651542,67.04982818496318
