,exact_match,f1
0,47.120708748615726,63.85631750871226
