,exact_match,f1
0,48.185117967332125,66.12950933188226
