,exact_match,f1
0,52.45009074410164,67.96397344841513
