,exact_match,f1
0,46.77858439201452,64.3470497190849
