,exact_match,f1
0,51.31578947368421,67.4728151610042
