,exact_match,f1
0,33.348457350272234,45.66590982469287
