,exact_match,f1
0,22.277676950998185,33.64342716306937
