,exact_match,f1
0,50.22686025408348,64.67606106849858
