,exact_match,f1
0,57.22070844686648,71.86077766952327
