,exact_match,f1
0,56.76043557168784,72.12460011485268
