,exact_match,f1
0,54.788924194280526,71.12150090795531
