,exact_match,f1
0,52.58620689655172,67.63022215037758
