,exact_match,f1
0,41.59854677565849,56.66316315522162
