,exact_match,f1
0,52.722323049001815,70.31357150010497
