,exact_match,f1
0,56.39745916515427,72.11059147590348
