,exact_match,f1
0,56.62431941923775,72.10608897305573
