,exact_match,f1
0,54.405086285195274,71.67095251066084
