,exact_match,f1
0,51.17967332123412,67.07658142199674
