,exact_match,f1
0,51.58802177858439,67.56667592445285
