,exact_match,f1
0,47.97047970479705,62.63362292418936
