,exact_match,f1
0,51.3882567137005,67.3973191197758
