,exact_match,f1
0,46.41037517369153,61.3214463122599
