,exact_match,f1
0,3.3575317604355717,5.700695869851492
