,exact_match,f1
0,47.82214156079855,63.35631063432499
