,exact_match,f1
0,51.93798449612403,68.20832743848732
