,exact_match,f1
0,10.072595281306715,26.114069083124935
