,exact_match,f1
0,52.153774895785084,68.11875302388566
