,exact_match,f1
0,49.22867513611615,65.52040022926397
