,exact_match,f1
0,49.84098137210359,64.91375467935613
