,exact_match,f1
0,49.409627611262486,65.27774833301342
