,exact_match,f1
0,50.40834845735027,65.82934284915332
