,exact_match,f1
0,49.468822170900694,66.07617572567106
