,exact_match,f1
0,51.433773327264454,67.53619184647535
