,exact_match,f1
0,49.675625579240034,64.96790999626762
