,exact_match,f1
0,54.34412265758092,71.21134544303638
