,exact_match,f1
0,49.59165154264973,64.99149772599488
