,exact_match,f1
0,47.94144556267155,63.08772506293225
