,exact_match,f1
0,48.82032667876588,63.68232448034519
