,exact_match,f1
0,51.90562613430127,67.89554954012978
