,exact_match,f1
0,42.6497277676951,60.278279927305334
