,exact_match,f1
0,51.2183908045977,67.42648272390335
