,exact_match,f1
0,27.63157894736842,44.380667358558846
