,exact_match,f1
0,52.17785843920145,68.05606470109366
