,exact_match,f1
0,4.038112522686025,7.075439646503772
