,exact_match,f1
0,52.404718693284934,68.14390506075107
