,exact_match,f1
0,50.72926162260711,67.02008340454715
