,exact_match,f1
0,50.15901862789641,65.47825260938104
