,exact_match,f1
0,50.52248977737392,66.06293068808039
