,exact_match,f1
0,51.13947128532361,67.0907555493369
