,exact_match,f1
0,48.366606170598914,63.73123044389965
