,exact_match,f1
0,3.765880217785844,6.381772825721613
