,exact_match,f1
0,51.99637023593466,67.76988090993704
