,exact_match,f1
0,50.58983666061706,65.38105379088171
