,exact_match,f1
0,50.95715587967183,67.09023978035917
