,exact_match,f1
0,51.44827586206897,68.03014688673258
