,exact_match,f1
0,50.964187327823694,66.92693638261449
