,exact_match,f1
0,52.45231607629428,68.40262771359149
