,exact_match,f1
0,52.58855585831063,68.45827041012687
