,exact_match,f1
0,50.04541326067211,65.73564446059704
