,exact_match,f1
0,48.865698729582576,65.03584149311004
