,exact_match,f1
0,16.833030852994554,31.45496463096874
