,exact_match,f1
0,3.3575317604355717,6.2615259028713615
