,exact_match,f1
0,36.02540834845735,48.55279167391197
