,exact_match,f1
0,30.081669691470054,42.532261810911734
