,exact_match,f1
0,48.23049001814882,65.67331027195588
