,exact_match,f1
0,52.223230490018146,67.9703686217303
