,exact_match,f1
0,46.78848283499446,62.718587796353745
