,exact_match,f1
0,52.132486388384756,67.92525188322833
