,exact_match,f1
0,51.76950998185118,68.09615592620342
