,exact_match,f1
0,49.09255898366606,67.18752657001698
