,exact_match,f1
0,45.348837209302324,60.923680521040225
