,exact_match,f1
0,38.61161524500908,53.09202385728883
