,exact_match,f1
0,52.67695099818512,68.71670957014179
