,exact_match,f1
0,49.841125737630506,67.15172651908394
