,exact_match,f1
0,53.67513611615245,68.4802989303924
