,exact_match,f1
0,55.095541401273884,71.26872483953164
