,exact_match,f1
0,55.75261482492042,71.38524373902352
