,exact_match,f1
0,52.81562216167121,67.66379435101125
