,exact_match,f1
0,52.61244888686961,67.7443706120967
