,exact_match,f1
0,52.45231607629428,67.21889539843097
