,exact_match,f1
0,52.885052248977736,67.91898824187497
