,exact_match,f1
0,53.992740471869325,68.73243902669107
