,exact_match,f1
0,55.530268548020025,71.67076815296777
