,exact_match,f1
0,45.96188747731397,60.84198737083835
