,exact_match,f1
0,56.12522686025408,71.99976056588845
