,exact_match,f1
0,52.85843920145191,68.44629742614754
