,exact_match,f1
0,56.98729582577133,72.29020392708512
