,exact_match,f1
0,56.62431941923775,71.95359468445409
