,exact_match,f1
0,53.22141560798548,68.28713696753215
