,exact_match,f1
0,56.669691470054445,71.9615278115595
