,exact_match,f1
0,55.60619872379216,71.30583194769515
