,exact_match,f1
0,52.29232864275987,67.3630975184458
