,exact_match,f1
0,53.76588021778584,68.822649698046
