,exact_match,f1
0,54.94756041951664,71.3336926566289
