,exact_match,f1
0,44.010889292196005,58.59821806511735
