,exact_match,f1
0,49.544211485870555,65.5250024747519
