,exact_match,f1
0,47.20554272517321,64.17693756995168
