,exact_match,f1
0,6.397459165154265,10.73247720652646
