,exact_match,f1
0,49.86388384754991,66.00608646495364
