,exact_match,f1
0,50.09074410163339,66.03723245871242
