,exact_match,f1
0,49.179580674567,65.43953450933711
