,exact_match,f1
0,46.775658492279746,62.21191060342665
