,exact_match,f1
0,47.16038164470695,62.79704382523792
