,exact_match,f1
0,48.32123411978221,63.20807446995986
