,exact_match,f1
0,49.28735632183908,66.00680333804227
