,exact_match,f1
0,48.41197822141561,63.55432658345704
