,exact_match,f1
0,50.40834845735027,66.20575272451904
