,exact_match,f1
0,47.41379310344828,62.744783337993624
