,exact_match,f1
0,5.671506352087114,9.057159466377426
