,exact_match,f1
0,49.15794264906691,65.26026107340734
