,exact_match,f1
0,49.31129476584022,65.24484131683118
