,exact_match,f1
0,47.36842105263158,63.034159253697176
