,exact_match,f1
0,47.42362061103511,63.948928519649044
