,exact_match,f1
0,10.072595281306715,26.029319459492896
