,exact_match,f1
0,48.13974591651542,63.9269238308453
