,exact_match,f1
0,41.42468239564428,58.665655944661175
