,exact_match,f1
0,48.275862068965516,63.38842661716169
