,exact_match,f1
0,52.981260647359456,69.08257973947211
