,exact_match,f1
0,48.884842967683205,65.05080367646522
