,exact_match,f1
0,48.23049001814882,63.54371740954776
