,exact_match,f1
0,47.751022262607904,63.23227945980183
