,exact_match,f1
0,47.17330861909175,62.68427861990742
