,exact_match,f1
0,48.366606170598914,63.470596668478244
