,exact_match,f1
0,34.618874773139744,47.37446446773015
