,exact_match,f1
0,50.301065308012966,66.34766531978886
