,exact_match,f1
0,44.41881918819188,60.397644824663544
