,exact_match,f1
0,47.595281306715066,62.36532166809881
