,exact_match,f1
0,50.18165304268847,66.16427332041923
