,exact_match,f1
0,27.04174228675136,38.89190976821437
