,exact_match,f1
0,46.9786460699682,62.71022652185967
