,exact_match,f1
0,46.68483197093551,62.157060821457
