,exact_match,f1
0,28.765880217785845,46.847101408814595
