,exact_match,f1
0,16.424682395644282,31.133235501877085
