,exact_match,f1
0,44.18712366836498,59.37647805875179
