,exact_match,f1
0,50.09074410163339,65.77927485218855
