,exact_match,f1
0,49.08842297174111,65.33571165609231
