,exact_match,f1
0,35.57168784029038,47.61238107079234
