,exact_match,f1
0,49.72776769509982,65.90421667703585
