,exact_match,f1
0,46.82395644283122,62.501372512908226
