,exact_match,f1
0,45.74565416285453,61.87798134683603
