,exact_match,f1
0,49.95458673932789,66.01688900545471
