,exact_match,f1
0,48.735632183908045,65.43453758010192
